{
    "textures": {
        "background": {
            "file": "textures/background.png"
        },
        "menuboard": {
            "file": "textures/menu.png"
        },
        "menubutton": {
            "file": "textures/button.png"
        },
        "left": {
            "file": "textures/left_arrow.png"
        },
        "right": {
            "file": "textures/right_arrow.png"
        }
    },
    "fonts": {
        "gyparody": {
            "file": "fonts/gyparody-hv.ttf",
            "size": 48
        }
    },
    "scene2s": {
        "lab": {
            "type": "Node",
            "comment": "This is the root node of the scene for the lab",
            "format": {
                "type": "Anchored"
            },
            "children": {
                "action": {
                    "type": "Slider",
                    "data": {
                        "bounds": [
                            0,
                            40,
                            800,
                            100
                        ],
                        "range": [
                            20,
                            400
                        ],
                        "value": 200,
                        "tick": 40,
                        "snap": true,
                        "anchor": [
                            0.5,
                            0.5
                        ]
                    },
                    "layout": {
                        "x_anchor": "center",
                        "y_anchor": "middle"
                    }
                }
            }
        }
    }
}